[
  {
    "id": "2767052-the-hunger-games",
    "title": "The Hunger Games",
    "coverImageSrc": "https://i.gr-assets.com/images/S/compressed.photo.goodreads.com/books/1447303603l/2767052.jpg",
    "rating": "4.33",
    "genre": [
      "young-adult",
      "fiction",
      "science-fiction",
      "dystopia",
      "fantasy",
      "science-fiction"
    ],
    "price": "18.58",
    "description": "Could you survive on your own, in the wild, with everyone out to make sure you don't live to see the morning?",
    "authorName": "Suzanne Collins",
    "authorId": "153394.Suzanne_Collins"
  },
  {
    "id": "2.Harry_Potter_and_the_Order_of_the_Phoenix",
    "title": "Harry Potter and the Order of the Phoenix",
    "coverImageSrc": "https://i.gr-assets.com/images/S/compressed.photo.goodreads.com/books/1546910265l/2.jpg",
    "rating": "4.49",
    "genre": ["fantasy", "young-adult", "fiction"],
    "price": "19.34",
    "description": "There is a door at the end of a silent corridor. And it’s haunting Harry Pottter’s dreams. Why else would he be waking in the middle of the night, screaming in terror?",
    "authorName": "J.K. Rowling",
    "authorId": "1077326.J_K_Rowling"
  },
  {
    "id": "2657.To_Kill_a_Mockingbird",
    "title": "To Kill a Mockingbird",
    "coverImageSrc": "https://i.gr-assets.com/images/S/compressed.photo.goodreads.com/books/1553383690l/2657.jpg",
    "rating": "4.27",
    "genre": [
      "classics",
      "fiction",
      "historical",
      "historical-fiction",
      "academic",
      "school"
    ],
    "price": "14.47",
    "description": "The unforgettable novel of a childhood in a sleepy Southern town and the crisis of conscience that rocked it, To Kill A Mockingbird became both an instant bestseller and a critical success when it was first published in 1960. It went on to win the Pulitzer Prize in 1961 and was later made into an Academy Award-winning film, also a classic.",
    "authorName": "Harper Lee",
    "authorId": "1825.Harper_Lee"
  },
  {
    "id": "1885.Pride_and_Prejudice",
    "title": "Pride and Prejudice",
    "coverImageSrc": "https://i.gr-assets.com/images/S/compressed.photo.goodreads.com/books/1320399351l/1885.jpg",
    "rating": "4.26",
    "genre": [
      "classics",
      "fiction",
      "romance",
      "historical",
      "historical-fiction",
      "literature",
      "historical",
      "novels",
      "romance",
      "historical-romance",
      "classics",
      "classic-literature",
      "adult"
    ],
    "price": "13.36",
    "authorName": "Jane Austen",
    "authorId": "1265.Jane_Austen"
  },
  {
    "id": "41865.Twilight",
    "title": "Twilight",
    "coverImageSrc": "https://i.gr-assets.com/images/S/compressed.photo.goodreads.com/books/1361039443l/41865.jpg",
    "rating": "3.59",
    "genre": [
      "young-adult",
      "fantasy",
      "romance",
      "paranormal",
      "vampires",
      "fiction",
      "fantasy",
      "paranormal"
    ],
    "price": "18.61",
    "description": "About three things I was absolutely positive.",
    "authorName": "Stephenie Meyer",
    "authorId": "941441.Stephenie_Meyer"
  },
  {
    "id": "19063.The_Book_Thief",
    "title": "The Book Thief",
    "coverImageSrc": "https://i.gr-assets.com/images/S/compressed.photo.goodreads.com/books/1522157426l/19063._SY475_.jpg",
    "rating": "4.37",
    "genre": ["historical", "historical-fiction", "fiction", "young-adult"],
    "price": "14.87",
    "description": "It is 1939. Nazi Germany. The country is holding its breath. Death has never been busier, and will be busier still.",
    "authorName": "Markus Zusak",
    "authorId": "11466.Markus_Zusak"
  },
  {
    "id": "7613.Animal_Farm",
    "title": "Animal Farm",
    "coverImageSrc": "https://i.gr-assets.com/images/S/compressed.photo.goodreads.com/books/1424037542l/7613.jpg",
    "rating": "3.93",
    "genre": [
      "classics",
      "fiction",
      "science-fiction",
      "dystopia",
      "fantasy",
      "literature"
    ],
    "price": "13.43",
    "description": "George Orwell's timeless and timely allegorical novel—a scathing satire on a downtrodden society’s blind march towards totalitarianism.",
    "authorName": "George Orwell",
    "authorId": "3706.George_Orwell"
  },
  {
    "id": "11127.The_Chronicles_of_Narnia",
    "title": "The Chronicles of Narnia",
    "coverImageSrc": "https://i.gr-assets.com/images/S/compressed.photo.goodreads.com/books/1449868701l/11127._SY475_.jpg",
    "rating": "4.26",
    "genre": [
      "fantasy",
      "classics",
      "fiction",
      "young-adult",
      "childrens",
      "christian",
      "adventure",
      "science-fiction-fantasy",
      "christian-fiction",
      "childrens",
      "middle-grade"
    ],
    "price": "14.44",
    "description": "Journeys to the end of the world, fantastic creatures, and epic battles between good and evil—what more could any reader ask for in one book? The book that has it all is ",
    "authorName": "C.S. Lewis",
    "authorId": "1069006.C_S_Lewis"
  },
  {
    "id": "30.J_R_R_Tolkien_4_Book_Boxed_Set",
    "title": "J.R.R. Tolkien 4-Book Boxed Set: The Hobbit and The Lord of the Rings",
    "coverImageSrc": "https://i.gr-assets.com/images/S/compressed.photo.goodreads.com/books/1346072396l/30.jpg",
    "rating": "4.59",
    "genre": ["fantasy", "fiction", "classics"],
    "price": "18.72",
    "description": "This four-volume, boxed set contains J.R.R. Tolkien's epic masterworks The Hobbit and the three volumes of The Lord of the Rings (The Fellowship of the Ring, The Two Towers, and The Return of the King).",
    "authorName": "J.R.R. Tolkien",
    "authorId": "656983.J_R_R_Tolkien"
  },
  {
    "id": "18405.Gone_with_the_Wind",
    "title": "Gone with the Wind",
    "coverImageSrc": "https://i.gr-assets.com/images/S/compressed.photo.goodreads.com/books/1551144577l/18405._SY475_.jpg",
    "rating": "4.29",
    "genre": [
      "classics",
      "historical",
      "historical-fiction",
      "fiction",
      "romance",
      "historical"
    ],
    "price": "12.24",
    "description": "Scarlett O'Hara, the beautiful, spoiled daughter of a well-to-do Georgia plantation owner, must use every means at her disposal to claw her way out of the poverty she finds herself in after Sherman's March to the Sea.",
    "authorName": "Margaret Mitchell",
    "authorId": "11081.Margaret_Mitchell"
  },
  {
    "id": "11870085-the-fault-in-our-stars",
    "title": "The Fault in Our Stars",
    "coverImageSrc": "https://i.gr-assets.com/images/S/compressed.photo.goodreads.com/books/1360206420l/11870085.jpg",
    "rating": "4.22",
    "genre": [
      "young-adult",
      "fiction",
      "romance",
      "contemporary",
      "realistic-fiction",
      "young-adult",
      "teen",
      "young-adult",
      "coming-of-age",
      "drama",
      "novels",
      "death"
    ],
    "price": "13.47",
    "description": "Despite the tumor-shrinking medical miracle that has bought her a few years, Hazel has never been anything but terminal, her final chapter inscribed upon diagnosis. But when a gorgeous plot twist named Augustus Waters suddenly appears at Cancer Kid Support Group, Hazel's story is about to be completely rewritten.",
    "authorName": "John Green",
    "authorId": "1406384.John_Green"
  },
  {
    "id": "370493.The_Giving_Tree",
    "title": "The Giving Tree",
    "coverImageSrc": "https://i.gr-assets.com/images/S/compressed.photo.goodreads.com/books/1174210942l/370493._SX318_.jpg",
    "rating": "4.37",
    "genre": ["childrens", "childrens", "picture-books", "classics", "fiction"],
    "price": "17.29",
    "description": "\"Once there was a tree...and she loved a little boy.\"",
    "authorName": "Shel Silverstein",
    "authorId": "435477.Shel_Silverstein"
  },
  {
    "id": "6185.Wuthering_Heights",
    "title": "Wuthering Heights",
    "coverImageSrc": "https://i.gr-assets.com/images/S/compressed.photo.goodreads.com/books/1388212715l/6185.jpg",
    "rating": "3.85",
    "genre": [
      "classics",
      "fiction",
      "romance",
      "gothic",
      "literature",
      "historical",
      "historical-fiction",
      "literature",
      "19th-century",
      "classics",
      "classic-literature",
      "novels",
      "historical"
    ],
    "price": "15.38",
    "authorName": "Emily Brontë",
    "authorId": "4191.Emily_Bront_"
  },
  {
    "id": "968.The_Da_Vinci_Code",
    "title": "The Da Vinci Code",
    "coverImageSrc": "https://i.gr-assets.com/images/S/compressed.photo.goodreads.com/books/1579621267l/968.jpg",
    "rating": "3.84",
    "genre": ["fiction", "mystery", "thriller", "suspense"],
    "price": "13.58",
    "authorName": "Dan Brown",
    "authorId": "630.Dan_Brown"
  },
  {
    "id": "930.Memoirs_of_a_Geisha",
    "title": "Memoirs of a Geisha",
    "coverImageSrc": "https://i.gr-assets.com/images/S/compressed.photo.goodreads.com/books/1388367666l/930.jpg",
    "rating": "4.11",
    "genre": [
      "fiction",
      "historical",
      "historical-fiction",
      "romance",
      "historical",
      "classics",
      "cultural",
      "japan",
      "adult",
      "novels",
      "cultural",
      "asia",
      "adult-fiction"
    ],
    "price": "13.09",
    "description": "A literary sensation and runaway bestseller, this brilliant debut novel presents with seamless authenticity and exquisite lyricism the true confessions of one of Japan's most celebrated geisha.",
    "authorName": "Arthur Golden",
    "authorId": "614.Arthur_Golden"
  },
  {
    "id": "5297.The_Picture_of_Dorian_Gray",
    "title": "The Picture of Dorian Gray",
    "coverImageSrc": "https://i.gr-assets.com/images/S/compressed.photo.goodreads.com/books/1546103428l/5297.jpg",
    "rating": "4.08",
    "genre": [
      "classics",
      "fiction",
      "horror",
      "fantasy",
      "literature",
      "gothic",
      "novels",
      "literature",
      "19th-century",
      "classics",
      "classic-literature",
      "lgbt"
    ],
    "price": "13.15",
    "description": "Written in his distinctively dazzling manner, Oscar Wilde’s story of a fashionable young man who sells his soul for eternal youth and beauty is the author’s most popular work. The tale of Dorian Gray’s moral disintegration caused a scandal when it ﬁrst appeared in 1890, but though Wilde was attacked for the novel’s corrupting inﬂuence, he responded that there is, in fact,",
    "authorName": "Oscar Wilde",
    "authorId": "3565.Oscar_Wilde"
  },
  {
    "id": "24213.Alice_s_Adventures_in_Wonderland_Through_the_Looking_Glass",
    "title": "Alice's Adventures in Wonderland & Through the Looking-Glass",
    "coverImageSrc": "https://i.gr-assets.com/images/S/compressed.photo.goodreads.com/books/1327872220l/24213.jpg",
    "rating": "4.07",
    "genre": [
      "classics",
      "fantasy",
      "fiction",
      "childrens",
      "young-adult",
      "literature",
      "adventure",
      "novels",
      "literature",
      "19th-century",
      "european-literature",
      "british-literature"
    ],
    "price": "12.02",
    "description": "\"I can't explain myself, I'm afraid, sir,\" said Alice, \"Because I'm not myself, you see.\"",
    "authorName": "Lewis Carroll",
    "authorId": "8164.Lewis_Carroll"
  },
  {
    "id": "10210.Jane_Eyre",
    "title": "Jane Eyre",
    "coverImageSrc": "https://i.gr-assets.com/images/S/compressed.photo.goodreads.com/books/1557343311l/10210._SY475_.jpg",
    "rating": "4.12",
    "genre": [
      "classics",
      "fiction",
      "romance",
      "historical",
      "historical-fiction",
      "literature",
      "gothic",
      "historical",
      "literature",
      "19th-century",
      "classics",
      "classic-literature",
      "academic",
      "school"
    ],
    "price": "19.57",
    "authorName": "Charlotte Brontë",
    "authorId": "1036615.Charlotte_Bront_"
  },
  {
    "id": "24280.Les_Mis_rables",
    "title": "Les Misérables",
    "coverImageSrc": "https://i.gr-assets.com/images/S/compressed.photo.goodreads.com/books/1411852091l/24280.jpg",
    "rating": "4.17",
    "genre": [
      "classics",
      "fiction",
      "historical",
      "historical-fiction",
      "literature"
    ],
    "price": "12.67",
    "description": "Introducing one of the most famous characters in literature, Jean Valjean—the noble peasant imprisoned for stealing a loaf of bread—Les Misérables ranks among the greatest novels of all time. In it, Victor Hugo takes readers deep into the Parisian underworld, immerses them in a battle between good and evil, and carries them to the barricades during the uprising of 1832",
    "authorName": "Victor Hugo",
    "authorId": "13661.Victor_Hugo"
  },
  {
    "id": "13335037-divergent",
    "title": "Divergent",
    "coverImageSrc": "https://i.gr-assets.com/images/S/compressed.photo.goodreads.com/books/1328559506l/13335037.jpg",
    "rating": "4.20",
    "genre": [
      "young-adult",
      "science-fiction",
      "dystopia",
      "fiction",
      "fantasy"
    ],
    "price": "14.12",
    "description": "In Beatrice Prior's dystopian Chicago world, society is divided into five factions, each dedicated to the cultivation of a particular virtue—Candor (the honest), Abnegation (the selfless), Dauntless (the brave), Amity (the peaceful), and Erudite (the intelligent). On an appointed day of every year, all sixteen-year-olds must select the faction to which they will devote the",
    "authorName": "Veronica Roth",
    "authorId": "4039811.Veronica_Roth"
  },
  {
    "id": "18135.Romeo_and_Juliet",
    "title": "Romeo and Juliet",
    "coverImageSrc": "https://i.gr-assets.com/images/S/compressed.photo.goodreads.com/books/1572098085l/18135._SY475_.jpg",
    "rating": "3.74",
    "genre": [
      "classics",
      "plays",
      "fiction",
      "romance",
      "academic",
      "school",
      "drama",
      "academic",
      "read-for-school",
      "literature",
      "young-adult",
      "high-school",
      "poetry"
    ],
    "price": "17.22",
    "description": "In ",
    "authorName": "William Shakespeare",
    "authorId": "947.William_Shakespeare"
  },
  {
    "id": "7624.Lord_of_the_Flies",
    "title": "Lord of the Flies",
    "coverImageSrc": "https://i.gr-assets.com/images/S/compressed.photo.goodreads.com/books/1327869409l/7624.jpg",
    "rating": "3.68",
    "genre": ["classics", "fiction", "young-adult", "academic", "school"],
    "price": "17.60",
    "description": "At the dawn of the next world war, a plane crashes on an uncharted island, stranding a group of schoolboys. At first, with no adult supervision, their freedom is something to celebrate; this far from civilization the boys can do anything they want. Anything. They attempt to forge their own society, failing, however, in the face of terror, sin and evil. And as order",
    "authorName": "William Golding",
    "authorId": "306.William_Golding"
  },
  {
    "id": "865.The_Alchemist",
    "title": "The Alchemist",
    "coverImageSrc": "https://i.gr-assets.com/images/S/compressed.photo.goodreads.com/books/1483412266l/865.jpg",
    "rating": "3.86",
    "genre": ["fiction", "classics", "fantasy", "philosophy"],
    "price": "13.69",
    "description": "Paulo Coelho's masterpiece tells the mystical story of Santiago, an Andalusian shepherd boy who yearns to travel in search of a worldly treasure. His quest will lead him to riches far different—and far more satisfying—than he ever imagined. Santiago's journey teaches us about the essential wisdom of listening to our hearts, of recognizing opportunity and learning to read",
    "authorName": "Paulo Coelho",
    "authorId": "566.Paulo_Coelho"
  },
  {
    "id": "7144.Crime_and_Punishment",
    "title": "Crime and Punishment",
    "coverImageSrc": "https://i.gr-assets.com/images/S/compressed.photo.goodreads.com/books/1382846449l/7144.jpg",
    "rating": "4.21",
    "genre": [
      "classics",
      "fiction",
      "cultural",
      "russia",
      "literature",
      "literature",
      "russian-literature"
    ],
    "price": "17.05",
    "description": "Raskolnikov, a destitute and desperate former student, wanders through the slums of St Petersburg and commits a random murder without remorse or regret. He imagines himself to be a great man, a Napoleon: acting for a higher purpose beyond conventional moral law. But as he embarks on a dangerous game of cat and mouse with a suspicious police investigator, Raskolnikov is",
    "authorName": "Fyodor Dostoyevsky",
    "authorId": "3137322.Fyodor_Dostoyevsky"
  },
  {
    "id": "11.The_Hitchhiker_s_Guide_to_the_Galaxy",
    "title": "The Hitchhiker's Guide to the Galaxy",
    "coverImageSrc": "https://i.gr-assets.com/images/S/compressed.photo.goodreads.com/books/1531891848l/11._SY475_.jpg",
    "rating": "4.22",
    "genre": ["science-fiction", "fiction", "humor", "fantasy", "classics"],
    "price": "14.09",
    "description": "Seconds before the Earth is demolished to make way for a galactic freeway, Arthur Dent is plucked off the planet by his friend Ford Prefect, a researcher for the revised edition of ",
    "authorName": "Douglas Adams",
    "authorId": "4.Douglas_Adams"
  },
  {
    "id": "22628.The_Perks_of_Being_a_Wallflower",
    "title": "The Perks of Being a Wallflower",
    "coverImageSrc": "https://i.gr-assets.com/images/S/compressed.photo.goodreads.com/books/1520093244l/22628.jpg",
    "rating": "4.20",
    "genre": ["young-adult", "fiction", "contemporary"],
    "price": "12.17",
    "description": "standing on the fringes of life...",
    "authorName": "Stephen Chbosky",
    "authorId": "12898.Stephen_Chbosky"
  },
  {
    "id": "375802.Ender_s_Game",
    "title": "Ender's Game",
    "coverImageSrc": "https://i.gr-assets.com/images/S/compressed.photo.goodreads.com/books/1408303130l/375802.jpg",
    "rating": "4.30",
    "genre": ["science-fiction", "fiction", "young-adult", "fantasy"],
    "price": "13.63",
    "description": "Andrew \"Ender\" Wiggin thinks he is playing computer simulated war games; he is, in fact, engaged in something far more desperate. The result of genetic experimentation, Ender may be the military genius Earth desperately needs in a war against an alien enemy seeking to destroy all human life. The only way to find out is to throw Ender into ever harsher training, to chip",
    "authorName": "Orson Scott Card",
    "authorId": "589.Orson_Scott_Card"
  },
  {
    "id": "4671.The_Great_Gatsby",
    "title": "The Great Gatsby",
    "coverImageSrc": "https://i.gr-assets.com/images/S/compressed.photo.goodreads.com/books/1490528560l/4671._SY475_.jpg",
    "rating": "3.91",
    "genre": [
      "classics",
      "fiction",
      "academic",
      "school",
      "literature",
      "historical",
      "historical-fiction",
      "romance",
      "novels",
      "academic",
      "read-for-school",
      "young-adult",
      "high-school",
      "literature",
      "american"
    ],
    "price": "14.91",
    "description": "Alternate Cover Edition ISBN: 0743273567 (ISBN13: ",
    "authorName": "F. Scott Fitzgerald",
    "authorId": "3190.F_Scott_Fitzgerald"
  },
  {
    "id": "256683.City_of_Bones",
    "title": "City of Bones",
    "coverImageSrc": "https://i.gr-assets.com/images/S/compressed.photo.goodreads.com/books/1432730315l/256683._SY475_.jpg",
    "rating": "4.10",
    "genre": ["fantasy", "young-adult", "fantasy", "paranormal", "romance"],
    "price": "19.37",
    "description": "When fifteen-year-old Clary Fray heads out to the Pandemonium Club in New York City, she hardly expects to witness a murder― much less a murder committed by three teenagers covered with strange tattoos and brandishing bizarre weapons. Then the body disappears into thin air. It's hard to call the police when the murderers are invisible to everyone else and when there is",
    "authorName": "Cassandra Clare",
    "authorId": "150038.Cassandra_Clare"
  },
  {
    "id": "4667024-the-help",
    "title": "The Help",
    "coverImageSrc": "https://i.gr-assets.com/images/S/compressed.photo.goodreads.com/books/1572940430l/4667024._SY475_.jpg",
    "rating": "4.47",
    "genre": [
      "fiction",
      "historical",
      "historical-fiction",
      "historical",
      "adult"
    ],
    "price": "17.44",
    "description": "Three ordinary women are about to take one extraordinary step.",
    "authorName": "Kathryn Stockett",
    "authorId": "1943477.Kathryn_Stockett"
  },
  {
    "id": "8127.Anne_of_Green_Gables",
    "title": "Anne of Green Gables",
    "coverImageSrc": "https://i.gr-assets.com/images/S/compressed.photo.goodreads.com/books/1390789015l/8127.jpg",
    "rating": "4.25",
    "genre": [
      "classics",
      "fiction",
      "young-adult",
      "childrens",
      "historical",
      "historical-fiction",
      "historical",
      "childrens",
      "middle-grade",
      "audiobook",
      "cultural",
      "canada",
      "young-adult",
      "coming-of-age"
    ],
    "price": "12.98",
    "description": "As soon as Anne Shirley arrives at the snug white farmhouse called Green Gables, she is sure she wants to stay forever . . . but will the Cuthberts send her back to to the orphanage? Anne knows she's not what they expected—a skinny girl with fiery red hair and a temper to match. If only she can convince them to let her stay, she'll try very hard not to keep rushing",
    "authorName": "L.M. Montgomery",
    "authorId": "5350.L_M_Montgomery"
  },
  {
    "id": "24178.Charlotte_s_Web",
    "title": "Charlotte's Web",
    "coverImageSrc": "https://i.gr-assets.com/images/S/compressed.photo.goodreads.com/books/1439632243l/24178._SY475_.jpg",
    "rating": "4.17",
    "genre": ["classics", "childrens", "fiction"],
    "price": "17.61",
    "description": "This beloved book by E. B. White, author of Stuart Little and The Trumpet of the Swan, is a classic of children's literature that is \"just about perfect.\" This high-quality paperback features vibrant illustrations colorized by Rosemary Wells!",
    "authorName": "E.B. White",
    "authorId": "988142.E_B_White"
  },
  {
    "id": "18619684-the-time-traveler-s-wife",
    "title": "The Time Traveler's Wife",
    "coverImageSrc": "https://i.gr-assets.com/images/S/compressed.photo.goodreads.com/books/1380660571l/18619684.jpg",
    "rating": "3.97",
    "genre": [
      "fiction",
      "romance",
      "fantasy",
      "science-fiction",
      "time-travel",
      "science-fiction"
    ],
    "price": "12.60",
    "description": "A funny, often poignant tale of boy meets girl with a twist: what if one of them couldn't stop slipping in and out of time? Highly original and imaginative, this debut novel raises questions about life, love, and the effects of time on relationships.",
    "authorName": "Audrey Niffenegger",
    "authorId": "498072.Audrey_Niffenegger"
  },
  {
    "id": "890.Of_Mice_and_Men",
    "title": "Of Mice and Men",
    "coverImageSrc": "https://i.gr-assets.com/images/S/compressed.photo.goodreads.com/books/1511302904l/890._SX318_.jpg",
    "rating": "3.87",
    "genre": [
      "classics",
      "fiction",
      "academic",
      "school",
      "literature",
      "historical",
      "historical-fiction",
      "academic",
      "read-for-school",
      "novels",
      "young-adult",
      "high-school",
      "literature",
      "american",
      "classics",
      "classic-literature"
    ],
    "price": "16.31",
    "description": "The compelling story of two outsiders striving to find their place in an unforgiving world. Drifters in search of work, George and his simple-minded friend Lennie have nothing in the world except each other and a dream--a dream that one day they will have some land of their own. Eventually they find work on a ranch in California’s Salinas Valley, but their hopes are doomed",
    "authorName": "John Steinbeck",
    "authorId": "585.John_Steinbeck"
  },
  {
    "id": "157993.The_Little_Prince",
    "title": "The Little Prince",
    "coverImageSrc": "https://i.gr-assets.com/images/S/compressed.photo.goodreads.com/books/1367545443l/157993.jpg",
    "rating": "4.31",
    "genre": ["classics", "fiction", "fantasy", "childrens"],
    "price": "13.25",
    "description": "Moral allegory and spiritual autobiography, The Little Prince is the most translated book in the French language. With a timeless charm it tells the story of a little boy who leaves the safety of his own tiny planet to travel the universe, learning the vagaries of adult behaviour through a series of extraordinary encounters. His personal odyssey culminates in a voyage to",
    "authorName": "Antoine de Saint-Exupéry",
    "authorId": "1020792.Antoine_de_Saint_Exup_ry"
  },
  {
    "id": "17245.Dracula",
    "title": "Dracula",
    "coverImageSrc": "https://i.gr-assets.com/images/S/compressed.photo.goodreads.com/books/1387151694l/17245.jpg",
    "rating": "3.99",
    "genre": [
      "classics",
      "horror",
      "fiction",
      "fantasy",
      "paranormal",
      "vampires"
    ],
    "price": "13.64",
    "authorName": "Bram Stoker",
    "authorId": "6988.Bram_Stoker"
  },
  {
    "id": "5129.Brave_New_World",
    "title": "Brave New World",
    "coverImageSrc": "https://i.gr-assets.com/images/S/compressed.photo.goodreads.com/books/1575509280l/5129._SY475_.jpg",
    "rating": "3.99",
    "genre": [
      "classics",
      "fiction",
      "science-fiction",
      "science-fiction",
      "dystopia"
    ],
    "price": "13.62",
    "description": "Brave New World is a dystopian novel by English author Aldous Huxley, written in 1931 and published in 1932. Largely set in a futuristic World State, inhabited by genetically modified citizens and an intelligence-based social hierarchy, the novel anticipates huge scientific advancements in reproductive technology, sleep-learning, psychological manipulation and classical",
    "authorName": "Aldous Huxley",
    "authorId": "3487.Aldous_Huxley"
  },
  {
    "id": "3.Harry_Potter_and_the_Sorcerer_s_Stone",
    "title": "Harry Potter and the Sorcerer's Stone",
    "coverImageSrc": "https://i.gr-assets.com/images/S/compressed.photo.goodreads.com/books/1474154022l/3._SY475_.jpg",
    "rating": "4.47",
    "genre": [
      "fantasy",
      "young-adult",
      "fiction",
      "fantasy",
      "magic",
      "childrens",
      "adventure",
      "childrens",
      "middle-grade",
      "classics",
      "audiobook",
      "science-fiction-fantasy"
    ],
    "price": "17.28",
    "description": "Alternate cover edition of ISBN 9780439554930",
    "authorName": "J.K. Rowling",
    "authorId": "1077326.J_K_Rowling"
  },
  {
    "id": "320.One_Hundred_Years_of_Solitude",
    "title": "One Hundred Years of Solitude",
    "coverImageSrc": "https://i.gr-assets.com/images/S/compressed.photo.goodreads.com/books/1327881361l/320.jpg",
    "rating": "4.07",
    "genre": ["fiction", "classics", "magical-realism", "literature"],
    "price": "14.11",
    "description": "The brilliant, bestselling, landmark novel that tells the story of the Buendia family, and chronicles the irreconcilable conflict between the desire for solitude and the need for love—in rich, imaginative prose that has come to define an entire genre known as \"magical realism.\"",
    "authorName": "Gabriel García Márquez",
    "authorId": "13450.Gabriel_Garc_a_M_rquez"
  },
  {
    "id": "21787.The_Princess_Bride",
    "title": "The Princess Bride",
    "coverImageSrc": "https://i.gr-assets.com/images/S/compressed.photo.goodreads.com/books/1327903636l/21787.jpg",
    "rating": "4.26",
    "genre": [
      "fantasy",
      "fiction",
      "classics",
      "romance",
      "humor",
      "young-adult"
    ],
    "price": "14.96",
    "description": "What happens when the most beautiful girl in the world marries the handsomest prince of all time and he turns out to be...well...a lot less than the man of her dreams?",
    "authorName": "William Goldman",
    "authorId": "12521.William_Goldman"
  },
  {
    "id": "5107.The_Catcher_in_the_Rye",
    "title": "The Catcher in the Rye",
    "coverImageSrc": "https://i.gr-assets.com/images/S/compressed.photo.goodreads.com/books/1398034300l/5107.jpg",
    "rating": "3.80",
    "genre": ["classics", "fiction", "young-adult", "literature"],
    "price": "12.16",
    "description": "The hero-narrator of ",
    "authorName": "J.D. Salinger",
    "authorId": "819789.J_D_Salinger"
  },
  {
    "id": "2998.The_Secret_Garden",
    "title": "The Secret Garden",
    "coverImageSrc": "https://i.gr-assets.com/images/S/compressed.photo.goodreads.com/books/1327873635l/2998.jpg",
    "rating": "4.13",
    "genre": ["classics", "fiction", "childrens", "young-adult"],
    "price": "17.79",
    "description": "\"One of the most delightful and enduring classics of children's literature, The Secret Garden by Victorian author Frances Hodgson Burnett has remained a firm favorite with children the world over ever since it made its first appearance. Initially published as a serial story in 1910 in The American Magazine, it was brought out in novel form in 1911. ",
    "authorName": "Frances Hodgson Burnett",
    "authorId": "2041.Frances_Hodgson_Burnett"
  },
  {
    "id": "128029.A_Thousand_Splendid_Suns",
    "title": "A Thousand Splendid Suns",
    "coverImageSrc": "https://i.gr-assets.com/images/S/compressed.photo.goodreads.com/books/1345958969l/128029.jpg",
    "rating": "4.37",
    "genre": ["fiction", "historical", "historical-fiction", "contemporary"],
    "price": "14.50",
    "authorName": "Khaled Hosseini",
    "authorId": "569.Khaled_Hosseini"
  },
  {
    "id": "18131.A_Wrinkle_in_Time",
    "title": "A Wrinkle in Time",
    "coverImageSrc": "https://i.gr-assets.com/images/S/compressed.photo.goodreads.com/books/1329061522l/18131.jpg",
    "rating": "4.00",
    "genre": [
      "fantasy",
      "fiction",
      "young-adult",
      "classics",
      "science-fiction",
      "childrens"
    ],
    "price": "16.51",
    "authorName": "Madeleine L'Engle",
    "authorId": "106.Madeleine_L_Engle"
  },
  {
    "id": "28187.The_Lightning_Thief",
    "title": "The Lightning Thief",
    "coverImageSrc": "https://i.gr-assets.com/images/S/compressed.photo.goodreads.com/books/1400602609l/28187.jpg",
    "rating": "4.25",
    "genre": ["fantasy", "young-adult", "fantasy", "mythology", "fiction"],
    "price": "19.74",
    "authorName": "Rick Riordan",
    "authorId": "15872.Rick_Riordan"
  },
  {
    "id": "4381.Fahrenheit_451",
    "title": "Fahrenheit 451",
    "coverImageSrc": "https://i.gr-assets.com/images/S/compressed.photo.goodreads.com/books/1351643740l/4381.jpg",
    "rating": "3.99",
    "genre": [
      "classics",
      "fiction",
      "science-fiction",
      "science-fiction",
      "dystopia"
    ],
    "price": "15.23",
    "description": "Fahrenheit 451 ofrece la historia de un sombrío y horroroso futuro. Montag, el protagonista, pertenece a una extraña brigada de bomberos cuya misión, paradójicamente, no es la de sofocar incendios sino la de provocarlos, para quemar libros. Porque en el país de Montag está terminantemente prohibido leer. Porque leer obliga a pensar, y en el país de Montag esta prohibido",
    "authorName": "Ray Bradbury",
    "authorId": "1630.Ray_Bradbury"
  },
  {
    "id": "13496.A_Game_of_Thrones_A_Song_of_Ice_and_Fire_1_combine",
    "title": "A Game of Thrones (A Song of Ice and Fire, #1) combine",
    "coverImageSrc": "https://i.gr-assets.com/images/S/compressed.photo.goodreads.com/books/1562726234l/13496.jpg",
    "rating": "4.45",
    "genre": [
      "fantasy",
      "fiction",
      "fantasy",
      "epic-fantasy",
      "science-fiction-fantasy",
      "adult",
      "fantasy",
      "high-fantasy",
      "adventure",
      "fantasy",
      "dragons",
      "audiobook",
      "epic"
    ],
    "price": "13.68",
    "description": "Here is the first volume in George R. R. Martin’s magnificent cycle of novels that includes A Clash of Kings and A Storm of Swords. As a whole, this series comprises a genuine masterpiece of modern fantasy, bringing together the best the genre has to offer. Magic, mystery, intrigue, romance, and adventure fill these pages and transport us to a world unlike any we have ever",
    "authorName": "George R.R. Martin",
    "authorId": "346732.George_R_R_Martin"
  },
  {
    "id": "2956.The_Adventures_of_Huckleberry_Finn",
    "title": "The Adventures of Huckleberry Finn",
    "coverImageSrc": "https://i.gr-assets.com/images/S/compressed.photo.goodreads.com/books/1546096879l/2956.jpg",
    "rating": "3.82",
    "genre": [
      "classics",
      "fiction",
      "historical",
      "historical-fiction",
      "literature",
      "young-adult"
    ],
    "price": "14.00",
    "description": "A nineteenth-century boy from a Mississippi River town recounts his adventures as he travels down the river with a runaway slave, encountering a family involved in a feud, two scoundrels pretending to be royalty, and Tom Sawyer's aunt who mistakes him for Tom.",
    "authorName": "Mark Twain",
    "authorId": "1244.Mark_Twain"
  },
  {
    "id": "12232938-the-lovely-bones",
    "title": "The Lovely Bones",
    "coverImageSrc": "https://i.gr-assets.com/images/S/compressed.photo.goodreads.com/books/1457810586l/12232938.jpg",
    "rating": "3.81",
    "genre": ["fiction", "mystery", "young-adult", "contemporary", "fantasy"],
    "price": "14.20",
    "authorName": "Alice Sebold",
    "authorId": "316.Alice_Sebold"
  },
  {
    "id": "19543.Where_the_Wild_Things_Are",
    "title": "Where the Wild Things Are",
    "coverImageSrc": "https://i.gr-assets.com/images/S/compressed.photo.goodreads.com/books/1384434560l/19543.jpg",
    "rating": "4.22",
    "genre": [
      "childrens",
      "childrens",
      "picture-books",
      "fiction",
      "classics",
      "fantasy",
      "adventure",
      "young-adult",
      "animals",
      "kids",
      "folklore",
      "monsters"
    ],
    "price": "15.38",
    "authorName": "Maurice Sendak",
    "authorId": "4489.Maurice_Sendak"
  }
]
